insert into Users (UserID, Username, FirstName, LastName, DateofBirth, Password, DateAdded) values (1, 'gsubhan0', 'Gasparo', 'Subhan', '12/9/2003', '$2a$04$TT2N68C6o5ExufWniQ2US.tPOXEfjFajtXuJ0dicDMQ0Qwzf6OcHG', '11/1/2023');
insert into Users (UserID, Username, FirstName, LastName, DateofBirth, Password, DateAdded) values (2, 'bjanik1', 'Barri', 'Janik', '9/24/2000', '$2a$04$PT9/AvmbtIvWsc4k1QFu..jiT.jroeUGQhE.AdnThzqMWaVv5WsN2', '4/15/2024');
insert into Users (UserID, Username, FirstName, LastName, DateofBirth, Password, DateAdded) values (3, 'apacher2', 'Andriette', 'Pacher', '8/29/2004', '$2a$04$56bijPaoIa0dJoRVpOqONu97GkUvrFs0Yjs8S/WGHTm88B/kR9IX.', '2/20/2024');
insert into Users (UserID, Username, FirstName, LastName, DateofBirth, Password, DateAdded) values (4, 'atimmis3', 'Amandie', 'Timmis', '6/22/2003', '$2a$04$g9KO0bsbn3BoKrtaPacv4uuRvAVPJmye7YDQFf.U0Z.BBctuiaSwK', '12/30/2023');
insert into Users (UserID, Username, FirstName, LastName, DateofBirth, Password, DateAdded) values (5, 'jgossart4', 'Jamison', 'Gossart', '11/5/1999', '$2a$04$KVqKtWszdQUvBPkn1Y4oYOY75gnd3IHwYm7X3xBpUjoLD1gLDYbpO', '2/29/2024');
insert into Users (UserID, Username, FirstName, LastName, DateofBirth, Password, DateAdded) values (6, 'bubsdall5', 'Berta', 'Ubsdall', '11/13/2002', '$2a$04$VD3MSFdd2zYUGgHUqle.KemMOw7bpxsob.mRyExfde.uG.hmCgGFC', '6/2/2024');
insert into Users (UserID, Username, FirstName, LastName, DateofBirth, Password, DateAdded) values (7, 'idifilippo6', 'Israel', 'Di Filippo', '1/24/2004', '$2a$04$q2.V1UMorR82A/ljSdJLUeG4VNKDp0I2a1igV0A1ea7xbiAS/zOkO', '6/28/2024');
insert into Users (UserID, Username, FirstName, LastName, DateofBirth, Password, DateAdded) values (8, 'rbeumant7', 'Rozelle', 'Beumant', '11/12/2001', '$2a$04$P5IlqlOmB/5M4/r2nWWeOOmUp.gZjKK63GtGVuyLDleqJaAMnhUSa', '9/4/2023');
insert into Users (UserID, Username, FirstName, LastName, DateofBirth, Password, DateAdded) values (9, 'sstockdale8', 'Sosanna', 'Stockdale', '4/30/1999', '$2a$04$rF4l0NlOBECEAC5BAlF36uY3AJajKbgaL2c131oF8NcIpyyLV.oTy', '7/20/2024');
insert into Users (UserID, Username, FirstName, LastName, DateofBirth, Password, DateAdded) values (10, 'lmacwhirter9', 'Lief', 'MacWhirter', '4/12/2002', '$2a$04$NuYfgs4sykV.aQw.04XHx.vqLu7stmjzLw/2Yxsz3Wh36Ss0d6XRa', '3/17/2024');
insert into Users (UserID, Username, FirstName, LastName, DateofBirth, Password, DateAdded) values (11, 'mgowinga', 'Merilee', 'Gowing', '6/3/1999', '$2a$04$3KJB40m1K.5SkLbkqPT4lOer2bWj9CCV56OLN4lipOi5uUWcYd50a', '2/22/2024');
insert into Users (UserID, Username, FirstName, LastName, DateofBirth, Password, DateAdded) values (12, 'tsibleyb', 'Thomasin', 'Sibley', '7/19/2001', '$2a$04$4U7mnXuIesWAUpzg.Zaf1uMQan2boT/5TdDbuhICFIFyjNWFOl2Be', '5/3/2024');
insert into Users (UserID, Username, FirstName, LastName, DateofBirth, Password, DateAdded) values (13, 'edunfordc', 'Evie', 'Dunford', '6/26/2002', '$2a$04$C.sIoWu04ryBLf6sR.y3seaoSx81yKYakPi63us7fVZcn8XF49rVm', '9/11/2023');
insert into Users (UserID, Username, FirstName, LastName, DateofBirth, Password, DateAdded) values (14, 'esempled', 'Eldridge', 'Semple', '4/2/2000', '$2a$04$fRpPrGqf8VOdKhrua0cULe9kDrqpD1YRF2vgggA9plTqbwwBair/q', '2/1/2024');
insert into Users (UserID, Username, FirstName, LastName, DateofBirth, Password, DateAdded) values (15, 'esetone', 'Emmi', 'Seton', '2/3/1999', '$2a$04$pKknawDNT4OuDJUOB/scW.XSd2le7L05yeKTHcAgaBavZU5p4jWLW', '9/29/2023');
insert into Users (UserID, Username, FirstName, LastName, DateofBirth, Password, DateAdded) values (16, 'fstevensf', 'Francyne', 'Stevens', '4/20/2003', '$2a$04$ifC4yNsZYMrRDZEY3xiMJ.8MvPrCF87XyNfOtSmi.6mxDLgzIVeEO', '11/21/2023');
insert into Users (UserID, Username, FirstName, LastName, DateofBirth, Password, DateAdded) values (17, 'rdigiacomettinog', 'Renaud', 'Di Giacomettino', '1/29/1999', '$2a$04$2MgnDIkrJKMCzMurkylA5uEIqQEmHb8L0Wttwj5/QFz0VNJgwLwXS', '7/27/2024');
insert into Users (UserID, Username, FirstName, LastName, DateofBirth, Password, DateAdded) values (18, 'scasineh', 'Sanson', 'Casine', '2/2/2002', '$2a$04$m0HcSThIqhsg94xduYDH7Ok3Cfnctm.oHR8HTNYw13AW3opvm4TzK', '8/22/2024');
insert into Users (UserID, Username, FirstName, LastName, DateofBirth, Password, DateAdded) values (19, 'wadgeri', 'Web', 'Adger', '11/3/2000', '$2a$04$OTJH9/6fuNDruyslT3aAbuN1DVmm1v4aClMO/.Z7X4lQA0hkM2kTW', '1/5/2024');
insert into Users (UserID, Username, FirstName, LastName, DateofBirth, Password, DateAdded) values (20, 'trawlsj', 'Tynan', 'Rawls', '12/4/2000', '$2a$04$2RtfOHc72i1CnBDPYNIanOn3.7QZJe9X4zFNSevZCSbcw4rmKA24O', '9/30/2023');
insert into Users (UserID, Username, FirstName, LastName, DateofBirth, Password, DateAdded) values (21, 'wbogaysk', 'Weber', 'Bogays', '3/15/1999', '$2a$04$/QvPH0Zwrye2Py3Ga.F7VuArhOEVnbgdSzthsWHYXlWGGbnxL/Ipm', '10/15/2023');
insert into Users (UserID, Username, FirstName, LastName, DateofBirth, Password, DateAdded) values (22, 'hstothardl', 'Ham', 'Stothard', '10/15/2001', '$2a$04$LZn0RQvXatFvlIyd3aecx.98Qp0OlpfOqc10e.fR4lmmTG.T7TZNG', '2/25/2024');
insert into Users (UserID, Username, FirstName, LastName, DateofBirth, Password, DateAdded) values (23, 'credmirem', 'Cordi', 'Redmire', '12/5/2005', '$2a$04$NEkNccLZqCBrBzqKd.16kerFRi44jjDVDaODGC29mggW/bM1Yo7ky', '12/22/2023');
insert into Users (UserID, Username, FirstName, LastName, DateofBirth, Password, DateAdded) values (24, 'cattardn', 'Casandra', 'Attard', '6/22/2004', '$2a$04$s4Msx9qHbydzaRQC2e2zdePfspLPPjWFu39BZz7H3Zt1iTz3Tq7Ta', '10/18/2023');
insert into Users (UserID, Username, FirstName, LastName, DateofBirth, Password, DateAdded) values (25, 'lelingtono', 'Linnea', 'Elington', '11/28/2000', '$2a$04$CcqiYdLgt2r6k1a0to7uPeGw/iRc.Doa5buMeMiELEiG2U9UWUWTK', '1/21/2024');
insert into Users (UserID, Username, FirstName, LastName, DateofBirth, Password, DateAdded) values (26, 'mbrilonp', 'Moyra', 'Brilon', '10/13/2001', '$2a$04$R5T524LUw/uFlehljWTOyu67CNZ5./XY7lhXKmgm2IO3qLg0wGPqS', '1/8/2024');
insert into Users (UserID, Username, FirstName, LastName, DateofBirth, Password, DateAdded) values (27, 'mcastagnetq', 'Mikkel', 'Castagnet', '7/29/2003', '$2a$04$MA6IDBGhatY0GylYgsqAZ.c2xv7KREgauMGbbGh9.KzI9zTuFUmh6', '11/5/2023');
insert into Users (UserID, Username, FirstName, LastName, DateofBirth, Password, DateAdded) values (28, 'acleynaertr', 'Anett', 'Cleynaert', '1/30/2002', '$2a$04$eCRW66rf.s0/fDoH7baevOMieVECNhL8FHaopPq2B2LtcICGMLspC', '4/11/2024');
insert into Users (UserID, Username, FirstName, LastName, DateofBirth, Password, DateAdded) values (29, 'mraymans', 'Marilyn', 'Rayman', '4/26/2000', '$2a$04$nfZK0LrTw.JcDiMxeoQqVeKDkrsYD94/ePcepDCw/G1f29G7O0tyC', '7/25/2024');
insert into Users (UserID, Username, FirstName, LastName, DateofBirth, Password, DateAdded) values (30, 'jbartolettit', 'Johnna', 'Bartoletti', '1/23/2001', '$2a$04$E9/MSFCubodFDfA824B/z.wb.R.bO3y7iQT19HmRWOu4rMb/9E2n.', '1/15/2024');
insert into Users (UserID, Username, FirstName, LastName, DateofBirth, Password, DateAdded) values (31, 'mcupperu', 'Mitchell', 'Cupper', '6/26/2002', '$2a$04$HG0ciOoA4a3S8hF1/TyGdO6iejT2g42HAAx6KIVTJZGuPDZulM/dK', '1/26/2024');
insert into Users (UserID, Username, FirstName, LastName, DateofBirth, Password, DateAdded) values (32, 'mgaitv', 'Martina', 'Gait', '4/12/2002', '$2a$04$ekyiq8JJiBGAfvCPI1jAse47pdFyA5Wh6d8AGA2AUQ/FqH.vaIhzS', '3/10/2024');
insert into Users (UserID, Username, FirstName, LastName, DateofBirth, Password, DateAdded) values (33, 'bpendreyw', 'Barbabra', 'Pendrey', '7/21/2005', '$2a$04$J6RWt3Dnjv2uq5S8FWXTguGOuA/EgnJCgys2aCb8tVFjxJRiLxUl6', '9/20/2023');
insert into Users (UserID, Username, FirstName, LastName, DateofBirth, Password, DateAdded) values (34, 'mjevesx', 'Maryrose', 'Jeves', '1/30/2005', '$2a$04$lClVDwIPYpIC2ocBgYMYzeFnxFMosjusNPeZinRivXFPUKdQqsWIG', '1/13/2024');
insert into Users (UserID, Username, FirstName, LastName, DateofBirth, Password, DateAdded) values (35, 'zcarvillay', 'Zebedee', 'Carvilla', '2/16/2000', '$2a$04$lFF6ukWZeet2f4szehNfjuXINs8jKA.j2qRN5rXHT14x2XX9dQ.3e', '9/8/2023');
insert into Users (UserID, Username, FirstName, LastName, DateofBirth, Password, DateAdded) values (36, 'rgreystokez', 'Rosy', 'Greystoke', '3/3/2004', '$2a$04$WiCtT/N4mGiBIRc8Tg0aaOK0NcrXWP49YmmPhJdRxP18fSZ9MEZW2', '11/1/2023');
insert into Users (UserID, Username, FirstName, LastName, DateofBirth, Password, DateAdded) values (37, 'esondon10', 'Eloisa', 'Sondon', '11/22/2000', '$2a$04$FZ9HOZebFFh84vdOsnJ7LOVZTX5NCttMjoTNPkINaUkgBkGj.h55.', '4/15/2024');
insert into Users (UserID, Username, FirstName, LastName, DateofBirth, Password, DateAdded) values (38, 'bcuthbert11', 'Benedetto', 'Cuthbert', '9/22/2002', '$2a$04$.hIWBrytPFE8mij1Gvb.C..MdnBnlE3j8STRdcUd5k0gI9bnmEM4q', '12/5/2023');
insert into Users (UserID, Username, FirstName, LastName, DateofBirth, Password, DateAdded) values (39, 'tpruvost12', 'Townie', 'Pruvost', '1/31/2005', '$2a$04$PgZQAOEeakigPjZGpkOw3uNGM7mja52lwfJ3XUjdkZEYZVFwAqBa2', '5/19/2024');
insert into Users (UserID, Username, FirstName, LastName, DateofBirth, Password, DateAdded) values (40, 'lgoodyear13', 'Lula', 'Goodyear', '5/20/1999', '$2a$04$j/JbkL.M33sAkLXW6L43YOWO/Sr.zaYsVgC10cbvBlZ6qfdvSEBMS', '8/21/2024');
insert into Users (UserID, Username, FirstName, LastName, DateofBirth, Password, DateAdded) values (41, 'mpavlovic14', 'Maurise', 'Pavlovic', '7/3/2000', '$2a$04$VBBx.lzIKd5T2vbp8jYQrOpJgl/6sWTztsW//Gv1P7wysmTJJ/.r2', '6/30/2024');
insert into Users (UserID, Username, FirstName, LastName, DateofBirth, Password, DateAdded) values (42, 'gbett15', 'Gallard', 'Bett', '9/7/2000', '$2a$04$S2lUil1HWAiOCssPHm8dQ.GIyW1ITywFAWs4AJixctpfTmgK5xH8a', '4/4/2024');
insert into Users (UserID, Username, FirstName, LastName, DateofBirth, Password, DateAdded) values (43, 'wslyford16', 'Wendel', 'Slyford', '5/26/2004', '$2a$04$JLmGEU80gwGgH11gDqc3weVBFaQ0Ec2YW09Wtfrai22tk9C1/xSzW', '5/29/2024');
insert into Users (UserID, Username, FirstName, LastName, DateofBirth, Password, DateAdded) values (44, 'uknappett17', 'Ursuline', 'Knappett', '4/5/2003', '$2a$04$eLyIQqZ7MAGBc9.2nr5QYe3bEpnF/WkKRv6NtJDksjM332yLfsmrS', '5/2/2024');
insert into Users (UserID, Username, FirstName, LastName, DateofBirth, Password, DateAdded) values (45, 'cskocroft18', 'Camellia', 'Skocroft', '3/24/2003', '$2a$04$aOtAy7aIMJIjF.L2mBsveuosrcIGCuaAq.U5/0/POTZl2qWbLWqJq', '3/27/2024');
insert into Users (UserID, Username, FirstName, LastName, DateofBirth, Password, DateAdded) values (46, 'cbollum19', 'Chrissy', 'Bollum', '6/11/1999', '$2a$04$KB/aBDh8755XHAtbqD9aZOZHERhXQmcsGrgEuUn3FGSnisuifT.SK', '1/14/2024');
insert into Users (UserID, Username, FirstName, LastName, DateofBirth, Password, DateAdded) values (47, 'hfirbanks1a', 'Hugh', 'Firbanks', '3/7/2001', '$2a$04$igHDXXgpT7Tu3gQ.OTLaQeXMYkk2sozz/VZY4OS8gPAiVIxn/JyWG', '4/22/2024');
insert into Users (UserID, Username, FirstName, LastName, DateofBirth, Password, DateAdded) values (48, 'edelouch1b', 'Etty', 'Delouch', '11/4/2005', '$2a$04$vothSRcT11Qsh/5U2DZfseDechY7ba.HLN6FiNzHLEZy7EQnfszrW', '6/22/2024');
insert into Users (UserID, Username, FirstName, LastName, DateofBirth, Password, DateAdded) values (49, 'ryellowlee1c', 'Robyn', 'Yellowlee', '9/5/2001', '$2a$04$VBFccMoYghlQj5um7pg9TOv4Qd3e2mVjahbrjJIsB1TPL09a2dy0.', '1/18/2024');
insert into Users (UserID, Username, FirstName, LastName, DateofBirth, Password, DateAdded) values (50, 'msoame1d', 'Morton', 'Soame', '10/14/2001', '$2a$04$BdVohhUj15V6krXO5L6GMuvoK266o1LCEUPbu4BBAnOg32W70S4vy', '5/24/2024');

insert into Friends (FriendID, FriendWhoAdded, FriendBeingAdded, IsAccepted, DateAdded) values (1, 28, 28, true, '10/20/2001');
insert into Friends (FriendID, FriendWhoAdded, FriendBeingAdded, IsAccepted, DateAdded) values (2, 29, 8, false, '8/1/2005');
insert into Friends (FriendID, FriendWhoAdded, FriendBeingAdded, IsAccepted, DateAdded) values (3, 19, 25, true, '5/20/2002');
insert into Friends (FriendID, FriendWhoAdded, FriendBeingAdded, IsAccepted, DateAdded) values (4, 2, 28, true, '7/2/2001');
insert into Friends (FriendID, FriendWhoAdded, FriendBeingAdded, IsAccepted, DateAdded) values (5, 26, 10, true, '7/30/2002');
insert into Friends (FriendID, FriendWhoAdded, FriendBeingAdded, IsAccepted, DateAdded) values (6, 2, 6, true, '4/11/2000');
insert into Friends (FriendID, FriendWhoAdded, FriendBeingAdded, IsAccepted, DateAdded) values (7, 10, 17, false, '9/4/2005');
insert into Friends (FriendID, FriendWhoAdded, FriendBeingAdded, IsAccepted, DateAdded) values (8, 2, 20, true, '1/15/2003');
insert into Friends (FriendID, FriendWhoAdded, FriendBeingAdded, IsAccepted, DateAdded) values (9, 9, 27, false, '6/14/1999');
insert into Friends (FriendID, FriendWhoAdded, FriendBeingAdded, IsAccepted, DateAdded) values (10, 22, 16, false, '2/4/1999');
insert into Friends (FriendID, FriendWhoAdded, FriendBeingAdded, IsAccepted, DateAdded) values (11, 22, 17, true, '3/4/2001');
insert into Friends (FriendID, FriendWhoAdded, FriendBeingAdded, IsAccepted, DateAdded) values (12, 28, 28, false, '12/14/2000');
insert into Friends (FriendID, FriendWhoAdded, FriendBeingAdded, IsAccepted, DateAdded) values (13, 20, 8, true, '11/11/2002');
insert into Friends (FriendID, FriendWhoAdded, FriendBeingAdded, IsAccepted, DateAdded) values (14, 5, 21, true, '5/18/2002');
insert into Friends (FriendID, FriendWhoAdded, FriendBeingAdded, IsAccepted, DateAdded) values (15, 12, 25, true, '3/23/2004');
insert into Friends (FriendID, FriendWhoAdded, FriendBeingAdded, IsAccepted, DateAdded) values (16, 20, 17, true, '4/9/2004');
insert into Friends (FriendID, FriendWhoAdded, FriendBeingAdded, IsAccepted, DateAdded) values (17, 18, 23, true, '12/1/2003');
insert into Friends (FriendID, FriendWhoAdded, FriendBeingAdded, IsAccepted, DateAdded) values (18, 17, 14, true, '6/14/2004');
insert into Friends (FriendID, FriendWhoAdded, FriendBeingAdded, IsAccepted, DateAdded) values (19, 19, 1, false, '1/30/2002');
insert into Friends (FriendID, FriendWhoAdded, FriendBeingAdded, IsAccepted, DateAdded) values (20, 22, 6, true, '3/10/2005');
insert into Friends (FriendID, FriendWhoAdded, FriendBeingAdded, IsAccepted, DateAdded) values (21, 24, 18, true, '7/10/1999');
insert into Friends (FriendID, FriendWhoAdded, FriendBeingAdded, IsAccepted, DateAdded) values (22, 9, 10, false, '1/19/2003');
insert into Friends (FriendID, FriendWhoAdded, FriendBeingAdded, IsAccepted, DateAdded) values (23, 23, 16, true, '2/1/2000');
insert into Friends (FriendID, FriendWhoAdded, FriendBeingAdded, IsAccepted, DateAdded) values (24, 12, 20, true, '5/14/2000');
insert into Friends (FriendID, FriendWhoAdded, FriendBeingAdded, IsAccepted, DateAdded) values (25, 12, 21, true, '11/16/2000');
insert into Friends (FriendID, FriendWhoAdded, FriendBeingAdded, IsAccepted, DateAdded) values (26, 10, 25, true, '2/12/2001');
insert into Friends (FriendID, FriendWhoAdded, FriendBeingAdded, IsAccepted, DateAdded) values (27, 23, 26, false, '3/31/2003');
insert into Friends (FriendID, FriendWhoAdded, FriendBeingAdded, IsAccepted, DateAdded) values (28, 21, 7, true, '11/14/2004');
insert into Friends (FriendID, FriendWhoAdded, FriendBeingAdded, IsAccepted, DateAdded) values (29, 3, 29, false, '2/6/2002');
insert into Friends (FriendID, FriendWhoAdded, FriendBeingAdded, IsAccepted, DateAdded) values (30, 14, 13, false, '1/13/2004');
insert into Friends (FriendID, FriendWhoAdded, FriendBeingAdded, IsAccepted, DateAdded) values (31, 5, 26, false, '2/4/2005');
insert into Friends (FriendID, FriendWhoAdded, FriendBeingAdded, IsAccepted, DateAdded) values (32, 4, 7, true, '1/15/2002');
insert into Friends (FriendID, FriendWhoAdded, FriendBeingAdded, IsAccepted, DateAdded) values (33, 11, 4, true, '12/19/2003');
insert into Friends (FriendID, FriendWhoAdded, FriendBeingAdded, IsAccepted, DateAdded) values (34, 15, 22, true, '4/14/1999');
insert into Friends (FriendID, FriendWhoAdded, FriendBeingAdded, IsAccepted, DateAdded) values (35, 3, 10, false, '4/29/2001');
insert into Friends (FriendID, FriendWhoAdded, FriendBeingAdded, IsAccepted, DateAdded) values (36, 12, 22, false, '5/14/1999');
insert into Friends (FriendID, FriendWhoAdded, FriendBeingAdded, IsAccepted, DateAdded) values (37, 23, 4, true, '11/14/2005');
insert into Friends (FriendID, FriendWhoAdded, FriendBeingAdded, IsAccepted, DateAdded) values (38, 13, 22, true, '9/1/2000');
insert into Friends (FriendID, FriendWhoAdded, FriendBeingAdded, IsAccepted, DateAdded) values (39, 5, 15, false, '3/2/2000');
insert into Friends (FriendID, FriendWhoAdded, FriendBeingAdded, IsAccepted, DateAdded) values (40, 4, 18, false, '9/4/2005');
insert into Friends (FriendID, FriendWhoAdded, FriendBeingAdded, IsAccepted, DateAdded) values (41, 13, 6, true, '7/14/2002');
insert into Friends (FriendID, FriendWhoAdded, FriendBeingAdded, IsAccepted, DateAdded) values (42, 9, 23, true, '7/18/2001');
insert into Friends (FriendID, FriendWhoAdded, FriendBeingAdded, IsAccepted, DateAdded) values (43, 1, 13, true, '3/12/2002');
insert into Friends (FriendID, FriendWhoAdded, FriendBeingAdded, IsAccepted, DateAdded) values (44, 9, 26, true, '1/1/2005');
insert into Friends (FriendID, FriendWhoAdded, FriendBeingAdded, IsAccepted, DateAdded) values (45, 29, 21, true, '9/22/2003');
insert into Friends (FriendID, FriendWhoAdded, FriendBeingAdded, IsAccepted, DateAdded) values (46, 22, 26, true, '5/29/1999');
insert into Friends (FriendID, FriendWhoAdded, FriendBeingAdded, IsAccepted, DateAdded) values (47, 28, 8, true, '11/13/2002');
insert into Friends (FriendID, FriendWhoAdded, FriendBeingAdded, IsAccepted, DateAdded) values (48, 19, 21, false, '1/19/2003');
insert into Friends (FriendID, FriendWhoAdded, FriendBeingAdded, IsAccepted, DateAdded) values (49, 15, 17, false, '12/14/2005');
insert into Friends (FriendID, FriendWhoAdded, FriendBeingAdded, IsAccepted, DateAdded) values (50, 25, 22, false, '7/31/2005');

insert into Groups (GroupID, GroupName, CreatedBy, DateAdded) values (1, 'Flipbug', 10, '1/4/2003');
insert into Groups (GroupID, GroupName, CreatedBy, DateAdded) values (2, 'Zoonoodle', 3, '7/17/2005');
insert into Groups (GroupID, GroupName, CreatedBy, DateAdded) values (3, 'Edgeify', 18, '7/20/2001');
insert into Groups (GroupID, GroupName, CreatedBy, DateAdded) values (4, 'Topdrive', 6, '11/9/2004');
insert into Groups (GroupID, GroupName, CreatedBy, DateAdded) values (5, 'Bluejam', 19, '6/21/2001');
insert into Groups (GroupID, GroupName, CreatedBy, DateAdded) values (6, 'Ntag', 10, '2/3/2001');
insert into Groups (GroupID, GroupName, CreatedBy, DateAdded) values (7, 'Tagcat', 6, '12/29/2004');
insert into Groups (GroupID, GroupName, CreatedBy, DateAdded) values (8, 'Avamm', 4, '11/27/2002');
insert into Groups (GroupID, GroupName, CreatedBy, DateAdded) values (9, 'Dablist', 14, '5/17/2004');
insert into Groups (GroupID, GroupName, CreatedBy, DateAdded) values (10, 'Twitterworks', 19, '10/1/2001');
insert into Groups (GroupID, GroupName, CreatedBy, DateAdded) values (11, 'Kazio', 16, '12/5/2000');
insert into Groups (GroupID, GroupName, CreatedBy, DateAdded) values (12, 'Trilith', 14, '1/31/2003');
insert into Groups (GroupID, GroupName, CreatedBy, DateAdded) values (13, 'Oloo', 17, '9/22/2005');
insert into Groups (GroupID, GroupName, CreatedBy, DateAdded) values (14, 'Tagpad', 19, '7/29/2000');
insert into Groups (GroupID, GroupName, CreatedBy, DateAdded) values (15, 'Yabox', 7, '5/2/2005');
insert into Groups (GroupID, GroupName, CreatedBy, DateAdded) values (16, 'Buzzster', 10, '8/6/2002');
insert into Groups (GroupID, GroupName, CreatedBy, DateAdded) values (17, 'Fiveclub', 11, '4/17/2000');
insert into Groups (GroupID, GroupName, CreatedBy, DateAdded) values (18, 'Digitube', 11, '3/19/2003');
insert into Groups (GroupID, GroupName, CreatedBy, DateAdded) values (19, 'Jayo', 11, '5/26/2000');
insert into Groups (GroupID, GroupName, CreatedBy, DateAdded) values (20, 'Lazzy', 8, '9/23/2005');
insert into Groups (GroupID, GroupName, CreatedBy, DateAdded) values (21, 'Rhybox', 4, '6/13/2003');
insert into Groups (GroupID, GroupName, CreatedBy, DateAdded) values (22, 'Fivebridge', 2, '9/18/2003');
insert into Groups (GroupID, GroupName, CreatedBy, DateAdded) values (23, 'Shuffledrive', 17, '10/23/2003');
insert into Groups (GroupID, GroupName, CreatedBy, DateAdded) values (24, 'Rooxo', 18, '12/26/2003');
insert into Groups (GroupID, GroupName, CreatedBy, DateAdded) values (25, 'Livefish', 11, '7/15/2001');
insert into Groups (GroupID, GroupName, CreatedBy, DateAdded) values (26, 'Bubblemix', 16, '6/2/2004');
insert into Groups (GroupID, GroupName, CreatedBy, DateAdded) values (27, 'Agivu', 13, '6/14/2003');
insert into Groups (GroupID, GroupName, CreatedBy, DateAdded) values (28, 'Zooxo', 13, '5/9/2000');
insert into Groups (GroupID, GroupName, CreatedBy, DateAdded) values (29, 'Quatz', 17, '2/2/2005');
insert into Groups (GroupID, GroupName, CreatedBy, DateAdded) values (30, 'Ozu', 19, '1/19/2001');
insert into Groups (GroupID, GroupName, CreatedBy, DateAdded) values (31, 'Tavu', 8, '9/3/2003');
insert into Groups (GroupID, GroupName, CreatedBy, DateAdded) values (32, 'Linklinks', 12, '10/23/2004');
insert into Groups (GroupID, GroupName, CreatedBy, DateAdded) values (33, 'Twiyo', 4, '10/25/2005');
insert into Groups (GroupID, GroupName, CreatedBy, DateAdded) values (34, 'Kwilith', 6, '5/20/2000');
insert into Groups (GroupID, GroupName, CreatedBy, DateAdded) values (35, 'Chatterbridge', 10, '7/3/2002');
insert into Groups (GroupID, GroupName, CreatedBy, DateAdded) values (36, 'Kazio', 10, '5/19/2002');
insert into Groups (GroupID, GroupName, CreatedBy, DateAdded) values (37, 'Meezzy', 15, '10/25/2001');
insert into Groups (GroupID, GroupName, CreatedBy, DateAdded) values (38, 'Rhynyx', 9, '12/2/2004');
insert into Groups (GroupID, GroupName, CreatedBy, DateAdded) values (39, 'InnoZ', 14, '5/24/2000');
insert into Groups (GroupID, GroupName, CreatedBy, DateAdded) values (40, 'Pixope', 19, '11/10/2000');
insert into Groups (GroupID, GroupName, CreatedBy, DateAdded) values (41, 'Vinder', 17, '5/16/2003');
insert into Groups (GroupID, GroupName, CreatedBy, DateAdded) values (42, 'Topiclounge', 20, '7/1/2002');
insert into Groups (GroupID, GroupName, CreatedBy, DateAdded) values (43, 'Gabspot', 5, '10/8/2001');
insert into Groups (GroupID, GroupName, CreatedBy, DateAdded) values (44, 'Digitube', 13, '3/12/2000');
insert into Groups (GroupID, GroupName, CreatedBy, DateAdded) values (45, 'Quimm', 9, '11/9/2003');
insert into Groups (GroupID, GroupName, CreatedBy, DateAdded) values (46, 'Livepath', 4, '2/1/2001');
insert into Groups (GroupID, GroupName, CreatedBy, DateAdded) values (47, 'Jaxbean', 7, '9/29/2004');
insert into Groups (GroupID, GroupName, CreatedBy, DateAdded) values (48, 'Topicware', 19, '1/9/2001');
insert into Groups (GroupID, GroupName, CreatedBy, DateAdded) values (49, 'Jabberstorm', 15, '12/16/1999');
insert into Groups (GroupID, GroupName, CreatedBy, DateAdded) values (50, 'Myworks', 2, '10/16/2004');

insert into Posts (PostID, PostDescription, PostedBy, IsPublic, IsOnlyForFriends, GroupID, DatePosted) values (1, 'Cras pellentesque volutpat dui. Maecenas tristique, est et tempus semper, est quam pharetra magna, ac consequat metus sapien ut nunc. Vestibulum ante ipsum primis in faucibus orci luctus et ultrices posuere cubilia Curae; Mauris viverra diam vitae quam. Suspendisse potenti. Nullam porttitor lacus at turpis. Donec posuere metus vitae ipsum. Aliquam non mauris. Morbi non lectus.', 8, false, true, 16, '12/16/2002');
insert into Posts (PostID, PostDescription, PostedBy, IsPublic, IsOnlyForFriends, GroupID, DatePosted) values (2, 'Duis aliquam convallis nunc. Proin at turpis a pede posuere nonummy. Integer non velit.', 2, true, false, 11, '1/31/2002');
insert into Posts (PostID, PostDescription, PostedBy, IsPublic, IsOnlyForFriends, GroupID, DatePosted) values (3, 'Donec odio justo, sollicitudin ut, suscipit a, feugiat et, eros. Vestibulum ac est lacinia nisi venenatis tristique. Fusce congue, diam id ornare imperdiet, sapien urna pretium nisl, ut volutpat sapien arcu sed augue. Aliquam erat volutpat.', 7, false, false, 2, '12/16/2003');
insert into Posts (PostID, PostDescription, PostedBy, IsPublic, IsOnlyForFriends, GroupID, DatePosted) values (4, 'Nulla neque libero, convallis eget, eleifend luctus, ultricies eu, nibh.', 3, false, false, 7, '2/7/2004');
insert into Posts (PostID, PostDescription, PostedBy, IsPublic, IsOnlyForFriends, GroupID, DatePosted) values (5, 'Morbi non lectus. Aliquam sit amet diam in magna bibendum imperdiet. Nullam orci pede, venenatis non, sodales sed, tincidunt eu, felis. Fusce posuere felis sed lacus. Morbi sem mauris, laoreet ut, rhoncus aliquet, pulvinar sed, nisl. Nunc rhoncus dui vel sem. Sed sagittis. Nam congue, risus semper porta volutpat, quam pede lobortis ligula, sit amet eleifend pede libero quis orci.', 14, false, false, 18, '12/2/1999');
insert into Posts (PostID, PostDescription, PostedBy, IsPublic, IsOnlyForFriends, GroupID, DatePosted) values (6, 'Suspendisse accumsan tortor quis turpis. Sed ante. Vivamus tortor. Duis mattis egestas metus. Aenean fermentum. Donec ut mauris eget massa tempor convallis.', 5, true, false, 6, '3/15/2005');
insert into Posts (PostID, PostDescription, PostedBy, IsPublic, IsOnlyForFriends, GroupID, DatePosted) values (7, 'Duis at velit eu est congue elementum. In hac habitasse platea dictumst. Morbi vestibulum, velit id pretium iaculis, diam erat fermentum justo, nec condimentum neque sapien placerat ante. Nulla justo. Aliquam quis turpis eget elit sodales scelerisque.', 16, true, true, 18, '5/6/2002');
insert into Posts (PostID, PostDescription, PostedBy, IsPublic, IsOnlyForFriends, GroupID, DatePosted) values (8, 'Nulla nisl. Nunc nisl.', 3, false, true, 20, '7/21/2005');
insert into Posts (PostID, PostDescription, PostedBy, IsPublic, IsOnlyForFriends, GroupID, DatePosted) values (9, 'Fusce congue, diam id ornare imperdiet, sapien urna pretium nisl, ut volutpat sapien arcu sed augue. Aliquam erat volutpat. In congue. Etiam justo. Etiam pretium iaculis justo.', 16, true, true, 13, '7/16/2004');
insert into Posts (PostID, PostDescription, PostedBy, IsPublic, IsOnlyForFriends, GroupID, DatePosted) values (10, 'Etiam pretium iaculis justo.', 13, false, true, 15, '9/30/2002');
insert into Posts (PostID, PostDescription, PostedBy, IsPublic, IsOnlyForFriends, GroupID, DatePosted) values (11, 'Nulla neque libero, convallis eget, eleifend luctus, ultricies eu, nibh. Quisque id justo sit amet sapien dignissim vestibulum. Vestibulum ante ipsum primis in faucibus orci luctus et ultrices posuere cubilia Curae; Nulla dapibus dolor vel est. Donec odio justo, sollicitudin ut, suscipit a, feugiat et, eros. Vestibulum ac est lacinia nisi venenatis tristique. Fusce congue, diam id ornare imperdiet, sapien urna pretium nisl, ut volutpat sapien arcu sed augue. Aliquam erat volutpat. In congue. Etiam justo. Etiam pretium iaculis justo.', 5, true, true, 11, '8/5/2003');
insert into Posts (PostID, PostDescription, PostedBy, IsPublic, IsOnlyForFriends, GroupID, DatePosted) values (12, 'Etiam pretium iaculis justo. In hac habitasse platea dictumst. Etiam faucibus cursus urna. Ut tellus.', 10, false, true, 2, '7/26/2005');
insert into Posts (PostID, PostDescription, PostedBy, IsPublic, IsOnlyForFriends, GroupID, DatePosted) values (13, 'Duis consequat dui nec nisi volutpat eleifend. Donec ut dolor. Morbi vel lectus in quam fringilla rhoncus. Mauris enim leo, rhoncus sed, vestibulum sit amet, cursus id, turpis. Integer aliquet, massa id lobortis convallis, tortor risus dapibus augue, vel accumsan tellus nisi eu orci. Mauris lacinia sapien quis libero.', 16, false, true, 11, '9/6/2001');
insert into Posts (PostID, PostDescription, PostedBy, IsPublic, IsOnlyForFriends, GroupID, DatePosted) values (14, 'Nulla justo.', 19, true, true, 19, '2/23/2001');
insert into Posts (PostID, PostDescription, PostedBy, IsPublic, IsOnlyForFriends, GroupID, DatePosted) values (15, 'Nam congue, risus semper porta volutpat, quam pede lobortis ligula, sit amet eleifend pede libero quis orci. Nullam molestie nibh in lectus. Pellentesque at nulla. Suspendisse potenti. Cras in purus eu magna vulputate luctus. Cum sociis natoque penatibus et magnis dis parturient montes, nascetur ridiculus mus. Vivamus vestibulum sagittis sapien. Cum sociis natoque penatibus et magnis dis parturient montes, nascetur ridiculus mus. Etiam vel augue. Vestibulum rutrum rutrum neque.', 16, true, true, 4, '8/13/2003');
insert into Posts (PostID, PostDescription, PostedBy, IsPublic, IsOnlyForFriends, GroupID, DatePosted) values (16, 'Cum sociis natoque penatibus et magnis dis parturient montes, nascetur ridiculus mus. Etiam vel augue. Vestibulum rutrum rutrum neque. Aenean auctor gravida sem. Praesent id massa id nisl venenatis lacinia. Aenean sit amet justo.', 20, false, true, 20, '8/30/2005');
insert into Posts (PostID, PostDescription, PostedBy, IsPublic, IsOnlyForFriends, GroupID, DatePosted) values (17, 'Duis aliquam convallis nunc.', 9, true, true, 18, '3/7/2002');
insert into Posts (PostID, PostDescription, PostedBy, IsPublic, IsOnlyForFriends, GroupID, DatePosted) values (18, 'Duis aliquam convallis nunc.', 10, false, false, 9, '3/7/2002');
insert into Posts (PostID, PostDescription, PostedBy, IsPublic, IsOnlyForFriends, GroupID, DatePosted) values (19, 'Etiam faucibus cursus urna. Ut tellus. Nulla ut erat id mauris vulputate elementum. Nullam varius. Nulla facilisi. Cras non velit nec nisi vulputate nonummy. Maecenas tincidunt lacus at velit.', 8, false, true, 9, '8/8/2003');
insert into Posts (PostID, PostDescription, PostedBy, IsPublic, IsOnlyForFriends, GroupID, DatePosted) values (20, 'Aliquam sit amet diam in magna bibendum imperdiet. Nullam orci pede, venenatis non, sodales sed, tincidunt eu, felis. Fusce posuere felis sed lacus. Morbi sem mauris, laoreet ut, rhoncus aliquet, pulvinar sed, nisl. Nunc rhoncus dui vel sem. Sed sagittis.', 15, true, true, 20, '11/10/2003');
insert into Posts (PostID, PostDescription, PostedBy, IsPublic, IsOnlyForFriends, GroupID, DatePosted) values (21, 'In congue. Etiam justo. Etiam pretium iaculis justo. In hac habitasse platea dictumst. Etiam faucibus cursus urna. Ut tellus.', 6, false, true, 4, '5/15/2005');
insert into Posts (PostID, PostDescription, PostedBy, IsPublic, IsOnlyForFriends, GroupID, DatePosted) values (22, 'Quisque id justo sit amet sapien dignissim vestibulum. Vestibulum ante ipsum primis in faucibus orci luctus et ultrices posuere cubilia Curae; Nulla dapibus dolor vel est. Donec odio justo, sollicitudin ut, suscipit a, feugiat et, eros. Vestibulum ac est lacinia nisi venenatis tristique.', 18, true, true, 9, '7/30/2000');
insert into Posts (PostID, PostDescription, PostedBy, IsPublic, IsOnlyForFriends, GroupID, DatePosted) values (23, 'Etiam justo. Etiam pretium iaculis justo. In hac habitasse platea dictumst. Etiam faucibus cursus urna. Ut tellus. Nulla ut erat id mauris vulputate elementum. Nullam varius. Nulla facilisi. Cras non velit nec nisi vulputate nonummy. Maecenas tincidunt lacus at velit.', 20, true, true, 9, '3/30/2005');
insert into Posts (PostID, PostDescription, PostedBy, IsPublic, IsOnlyForFriends, GroupID, DatePosted) values (24, 'Duis at velit eu est congue elementum. In hac habitasse platea dictumst. Morbi vestibulum, velit id pretium iaculis, diam erat fermentum justo, nec condimentum neque sapien placerat ante. Nulla justo. Aliquam quis turpis eget elit sodales scelerisque. Mauris sit amet eros. Suspendisse accumsan tortor quis turpis.', 18, false, true, 14, '10/29/2004');
insert into Posts (PostID, PostDescription, PostedBy, IsPublic, IsOnlyForFriends, GroupID, DatePosted) values (25, 'Donec posuere metus vitae ipsum. Aliquam non mauris. Morbi non lectus. Aliquam sit amet diam in magna bibendum imperdiet. Nullam orci pede, venenatis non, sodales sed, tincidunt eu, felis. Fusce posuere felis sed lacus.', 6, false, true, 12, '11/26/2001');
insert into Posts (PostID, PostDescription, PostedBy, IsPublic, IsOnlyForFriends, GroupID, DatePosted) values (26, 'Vestibulum ante ipsum primis in faucibus orci luctus et ultrices posuere cubilia Curae; Mauris viverra diam vitae quam. Suspendisse potenti. Nullam porttitor lacus at turpis. Donec posuere metus vitae ipsum.', 8, false, false, 6, '7/4/2003');
insert into Posts (PostID, PostDescription, PostedBy, IsPublic, IsOnlyForFriends, GroupID, DatePosted) values (27, 'In tempor, turpis nec euismod scelerisque, quam turpis adipiscing lorem, vitae mattis nibh ligula nec sem. Duis aliquam convallis nunc. Proin at turpis a pede posuere nonummy. Integer non velit. Donec diam neque, vestibulum eget, vulputate ut, ultrices vel, augue. Vestibulum ante ipsum primis in faucibus orci luctus et ultrices posuere cubilia Curae; Donec pharetra, magna vestibulum aliquet ultrices, erat tortor sollicitudin mi, sit amet lobortis sapien sapien non mi. Integer ac neque. Duis bibendum. Morbi non quam nec dui luctus rutrum.', 3, false, false, 7, '8/12/2003');
insert into Posts (PostID, PostDescription, PostedBy, IsPublic, IsOnlyForFriends, GroupID, DatePosted) values (28, 'Cras in purus eu magna vulputate luctus. Cum sociis natoque penatibus et magnis dis parturient montes, nascetur ridiculus mus. Vivamus vestibulum sagittis sapien. Cum sociis natoque penatibus et magnis dis parturient montes, nascetur ridiculus mus. Etiam vel augue. Vestibulum rutrum rutrum neque. Aenean auctor gravida sem.', 18, false, true, 5, '4/5/2005');
insert into Posts (PostID, PostDescription, PostedBy, IsPublic, IsOnlyForFriends, GroupID, DatePosted) values (29, 'Proin at turpis a pede posuere nonummy. Integer non velit. Donec diam neque, vestibulum eget, vulputate ut, ultrices vel, augue. Vestibulum ante ipsum primis in faucibus orci luctus et ultrices posuere cubilia Curae; Donec pharetra, magna vestibulum aliquet ultrices, erat tortor sollicitudin mi, sit amet lobortis sapien sapien non mi. Integer ac neque. Duis bibendum. Morbi non quam nec dui luctus rutrum.', 16, false, true, 18, '7/21/2002');
insert into Posts (PostID, PostDescription, PostedBy, IsPublic, IsOnlyForFriends, GroupID, DatePosted) values (30, 'Nullam orci pede, venenatis non, sodales sed, tincidunt eu, felis. Fusce posuere felis sed lacus. Morbi sem mauris, laoreet ut, rhoncus aliquet, pulvinar sed, nisl. Nunc rhoncus dui vel sem. Sed sagittis. Nam congue, risus semper porta volutpat, quam pede lobortis ligula, sit amet eleifend pede libero quis orci.', 13, true, true, 7, '10/7/2005');
insert into Posts (PostID, PostDescription, PostedBy, IsPublic, IsOnlyForFriends, GroupID, DatePosted) values (31, 'Proin risus. Praesent lectus.', 19, false, false, 15, '6/18/2000');
insert into Posts (PostID, PostDescription, PostedBy, IsPublic, IsOnlyForFriends, GroupID, DatePosted) values (32, 'Suspendisse accumsan tortor quis turpis. Sed ante. Vivamus tortor. Duis mattis egestas metus.', 11, true, false, 8, '2/11/2000');
insert into Posts (PostID, PostDescription, PostedBy, IsPublic, IsOnlyForFriends, GroupID, DatePosted) values (33, 'Aliquam quis turpis eget elit sodales scelerisque. Mauris sit amet eros. Suspendisse accumsan tortor quis turpis.', 3, true, true, 1, '12/6/2003');
insert into Posts (PostID, PostDescription, PostedBy, IsPublic, IsOnlyForFriends, GroupID, DatePosted) values (34, 'Proin at turpis a pede posuere nonummy. Integer non velit.', 9, false, false, 17, '12/9/2000');
insert into Posts (PostID, PostDescription, PostedBy, IsPublic, IsOnlyForFriends, GroupID, DatePosted) values (35, 'Nulla justo. Aliquam quis turpis eget elit sodales scelerisque.', 13, false, true, 10, '12/4/2002');
insert into Posts (PostID, PostDescription, PostedBy, IsPublic, IsOnlyForFriends, GroupID, DatePosted) values (36, 'Duis ac nibh. Fusce lacus purus, aliquet at, feugiat non, pretium quis, lectus. Suspendisse potenti.', 14, false, true, 2, '11/5/2004');
insert into Posts (PostID, PostDescription, PostedBy, IsPublic, IsOnlyForFriends, GroupID, DatePosted) values (37, 'Nulla ut erat id mauris vulputate elementum. Nullam varius. Nulla facilisi. Cras non velit nec nisi vulputate nonummy. Maecenas tincidunt lacus at velit.', 2, false, false, 8, '7/4/2005');
insert into Posts (PostID, PostDescription, PostedBy, IsPublic, IsOnlyForFriends, GroupID, DatePosted) values (38, 'Etiam pretium iaculis justo. In hac habitasse platea dictumst. Etiam faucibus cursus urna. Ut tellus. Nulla ut erat id mauris vulputate elementum. Nullam varius.', 2, true, false, 5, '8/10/2002');
insert into Posts (PostID, PostDescription, PostedBy, IsPublic, IsOnlyForFriends, GroupID, DatePosted) values (39, 'Vivamus vestibulum sagittis sapien. Cum sociis natoque penatibus et magnis dis parturient montes, nascetur ridiculus mus. Etiam vel augue. Vestibulum rutrum rutrum neque. Aenean auctor gravida sem. Praesent id massa id nisl venenatis lacinia. Aenean sit amet justo. Morbi ut odio.', 7, false, true, 20, '9/16/2001');
insert into Posts (PostID, PostDescription, PostedBy, IsPublic, IsOnlyForFriends, GroupID, DatePosted) values (40, 'Maecenas tincidunt lacus at velit. Vivamus vel nulla eget eros elementum pellentesque. Quisque porta volutpat erat. Quisque erat eros, viverra eget, congue eget, semper rutrum, nulla. Nunc purus. Phasellus in felis. Donec semper sapien a libero. Nam dui. Proin leo odio, porttitor id, consequat in, consequat ut, nulla. Sed accumsan felis.', 9, false, false, 19, '2/16/2002');
insert into Posts (PostID, PostDescription, PostedBy, IsPublic, IsOnlyForFriends, GroupID, DatePosted) values (41, 'Fusce posuere felis sed lacus.', 7, false, true, 15, '5/7/2002');
insert into Posts (PostID, PostDescription, PostedBy, IsPublic, IsOnlyForFriends, GroupID, DatePosted) values (42, 'Maecenas rhoncus aliquam lacus. Morbi quis tortor id nulla ultrices aliquet. Maecenas leo odio, condimentum id, luctus nec, molestie sed, justo. Pellentesque viverra pede ac diam. Cras pellentesque volutpat dui. Maecenas tristique, est et tempus semper, est quam pharetra magna, ac consequat metus sapien ut nunc.', 8, false, true, 9, '11/1/2001');
insert into Posts (PostID, PostDescription, PostedBy, IsPublic, IsOnlyForFriends, GroupID, DatePosted) values (43, 'In hac habitasse platea dictumst.', 11, false, true, 6, '6/1/2005');
insert into Posts (PostID, PostDescription, PostedBy, IsPublic, IsOnlyForFriends, GroupID, DatePosted) values (44, 'Morbi odio odio, elementum eu, interdum eu, tincidunt in, leo. Maecenas pulvinar lobortis est.', 4, true, true, 18, '8/3/2002');
insert into Posts (PostID, PostDescription, PostedBy, IsPublic, IsOnlyForFriends, GroupID, DatePosted) values (45, 'Vestibulum sed magna at nunc commodo placerat. Praesent blandit. Nam nulla. Integer pede justo, lacinia eget, tincidunt eget, tempus vel, pede. Morbi porttitor lorem id ligula. Suspendisse ornare consequat lectus. In est risus, auctor sed, tristique in, tempus sit amet, sem. Fusce consequat. Nulla nisl. Nunc nisl.', 14, true, false, 13, '6/6/2004');
insert into Posts (PostID, PostDescription, PostedBy, IsPublic, IsOnlyForFriends, GroupID, DatePosted) values (46, 'In congue. Etiam justo. Etiam pretium iaculis justo.', 12, false, true, 4, '7/15/2003');
insert into Posts (PostID, PostDescription, PostedBy, IsPublic, IsOnlyForFriends, GroupID, DatePosted) values (47, 'Praesent lectus. Vestibulum quam sapien, varius ut, blandit non, interdum in, ante. Vestibulum ante ipsum primis in faucibus orci luctus et ultrices posuere cubilia Curae; Duis faucibus accumsan odio. Curabitur convallis. Duis consequat dui nec nisi volutpat eleifend. Donec ut dolor. Morbi vel lectus in quam fringilla rhoncus. Mauris enim leo, rhoncus sed, vestibulum sit amet, cursus id, turpis. Integer aliquet, massa id lobortis convallis, tortor risus dapibus augue, vel accumsan tellus nisi eu orci. Mauris lacinia sapien quis libero.', 3, true, false, 5, '5/11/2000');
insert into Posts (PostID, PostDescription, PostedBy, IsPublic, IsOnlyForFriends, GroupID, DatePosted) values (48, 'Integer ac leo.', 2, false, true, 9, '2/4/2005');
insert into Posts (PostID, PostDescription, PostedBy, IsPublic, IsOnlyForFriends, GroupID, DatePosted) values (49, 'Maecenas rhoncus aliquam lacus. Morbi quis tortor id nulla ultrices aliquet. Maecenas leo odio, condimentum id, luctus nec, molestie sed, justo. Pellentesque viverra pede ac diam. Cras pellentesque volutpat dui. Maecenas tristique, est et tempus semper, est quam pharetra magna, ac consequat metus sapien ut nunc. Vestibulum ante ipsum primis in faucibus orci luctus et ultrices posuere cubilia Curae; Mauris viverra diam vitae quam.', 11, true, true, 16, '10/29/2001');
insert into Posts (PostID, PostDescription, PostedBy, IsPublic, IsOnlyForFriends, GroupID, DatePosted) values (50, 'Duis mattis egestas metus. Aenean fermentum. Donec ut mauris eget massa tempor convallis. Nulla neque libero, convallis eget, eleifend luctus, ultricies eu, nibh. Quisque id justo sit amet sapien dignissim vestibulum.', 6, false, true, 14, '6/26/2004');

insert into GroupMembershipRequests (GroupMembershipRequestsID, GroupID, GroupMemberUserID, IsGroupMemberShipAccepted, DateAccepted) values (1, 11, 10, true, '10/9/2000');
insert into GroupMembershipRequests (GroupMembershipRequestsID, GroupID, GroupMemberUserID, IsGroupMemberShipAccepted, DateAccepted) values (2, 6, 2, false, '12/22/1999');
insert into GroupMembershipRequests (GroupMembershipRequestsID, GroupID, GroupMemberUserID, IsGroupMemberShipAccepted, DateAccepted) values (3, 8, 2, true, '10/27/2004');
insert into GroupMembershipRequests (GroupMembershipRequestsID, GroupID, GroupMemberUserID, IsGroupMemberShipAccepted, DateAccepted) values (4, 6, 16, true, '2/13/2001');
insert into GroupMembershipRequests (GroupMembershipRequestsID, GroupID, GroupMemberUserID, IsGroupMemberShipAccepted, DateAccepted) values (5, 3, 13, true, '2/19/2005');
insert into GroupMembershipRequests (GroupMembershipRequestsID, GroupID, GroupMemberUserID, IsGroupMemberShipAccepted, DateAccepted) values (6, 12, 12, true, '10/4/2002');
insert into GroupMembershipRequests (GroupMembershipRequestsID, GroupID, GroupMemberUserID, IsGroupMemberShipAccepted, DateAccepted) values (7, 11, 13, true, '4/22/2002');
insert into GroupMembershipRequests (GroupMembershipRequestsID, GroupID, GroupMemberUserID, IsGroupMemberShipAccepted, DateAccepted) values (8, 3, 15, false, '7/4/2004');
insert into GroupMembershipRequests (GroupMembershipRequestsID, GroupID, GroupMemberUserID, IsGroupMemberShipAccepted, DateAccepted) values (9, 4, 12, true, '12/31/2000');
insert into GroupMembershipRequests (GroupMembershipRequestsID, GroupID, GroupMemberUserID, IsGroupMemberShipAccepted, DateAccepted) values (10, 10, 19, true, '10/27/2003');
insert into GroupMembershipRequests (GroupMembershipRequestsID, GroupID, GroupMemberUserID, IsGroupMemberShipAccepted, DateAccepted) values (11, 11, 1, true, '2/1/2002');
insert into GroupMembershipRequests (GroupMembershipRequestsID, GroupID, GroupMemberUserID, IsGroupMemberShipAccepted, DateAccepted) values (12, 9, 5, true, '6/29/2002');
insert into GroupMembershipRequests (GroupMembershipRequestsID, GroupID, GroupMemberUserID, IsGroupMemberShipAccepted, DateAccepted) values (13, 2, 8, true, '7/4/2003');
insert into GroupMembershipRequests (GroupMembershipRequestsID, GroupID, GroupMemberUserID, IsGroupMemberShipAccepted, DateAccepted) values (14, 9, 19, false, '11/21/2003');
insert into GroupMembershipRequests (GroupMembershipRequestsID, GroupID, GroupMemberUserID, IsGroupMemberShipAccepted, DateAccepted) values (15, 2, 14, false, '11/27/2001');
insert into GroupMembershipRequests (GroupMembershipRequestsID, GroupID, GroupMemberUserID, IsGroupMemberShipAccepted, DateAccepted) values (16, 18, 16, false, '10/7/2000');
insert into GroupMembershipRequests (GroupMembershipRequestsID, GroupID, GroupMemberUserID, IsGroupMemberShipAccepted, DateAccepted) values (17, 18, 14, false, '6/14/2002');
insert into GroupMembershipRequests (GroupMembershipRequestsID, GroupID, GroupMemberUserID, IsGroupMemberShipAccepted, DateAccepted) values (18, 5, 9, false, '7/27/2000');
insert into GroupMembershipRequests (GroupMembershipRequestsID, GroupID, GroupMemberUserID, IsGroupMemberShipAccepted, DateAccepted) values (19, 5, 9, false, '11/18/2002');
insert into GroupMembershipRequests (GroupMembershipRequestsID, GroupID, GroupMemberUserID, IsGroupMemberShipAccepted, DateAccepted) values (20, 1, 13, true, '8/1/2002');
insert into GroupMembershipRequests (GroupMembershipRequestsID, GroupID, GroupMemberUserID, IsGroupMemberShipAccepted, DateAccepted) values (21, 6, 9, true, '10/10/2001');
insert into GroupMembershipRequests (GroupMembershipRequestsID, GroupID, GroupMemberUserID, IsGroupMemberShipAccepted, DateAccepted) values (22, 2, 3, false, '5/10/2001');
insert into GroupMembershipRequests (GroupMembershipRequestsID, GroupID, GroupMemberUserID, IsGroupMemberShipAccepted, DateAccepted) values (23, 3, 14, true, '12/20/2000');
insert into GroupMembershipRequests (GroupMembershipRequestsID, GroupID, GroupMemberUserID, IsGroupMemberShipAccepted, DateAccepted) values (24, 14, 16, false, '3/13/2002');
insert into GroupMembershipRequests (GroupMembershipRequestsID, GroupID, GroupMemberUserID, IsGroupMemberShipAccepted, DateAccepted) values (25, 3, 17, true, '4/27/2000');
insert into GroupMembershipRequests (GroupMembershipRequestsID, GroupID, GroupMemberUserID, IsGroupMemberShipAccepted, DateAccepted) values (26, 14, 13, true, '12/26/1999');
insert into GroupMembershipRequests (GroupMembershipRequestsID, GroupID, GroupMemberUserID, IsGroupMemberShipAccepted, DateAccepted) values (27, 8, 10, true, '12/22/2001');
insert into GroupMembershipRequests (GroupMembershipRequestsID, GroupID, GroupMemberUserID, IsGroupMemberShipAccepted, DateAccepted) values (28, 8, 3, false, '8/4/2003');
insert into GroupMembershipRequests (GroupMembershipRequestsID, GroupID, GroupMemberUserID, IsGroupMemberShipAccepted, DateAccepted) values (29, 18, 9, true, '10/29/2004');
insert into GroupMembershipRequests (GroupMembershipRequestsID, GroupID, GroupMemberUserID, IsGroupMemberShipAccepted, DateAccepted) values (30, 17, 11, true, '4/19/2004');
insert into GroupMembershipRequests (GroupMembershipRequestsID, GroupID, GroupMemberUserID, IsGroupMemberShipAccepted, DateAccepted) values (31, 15, 18, true, '5/12/2003');
insert into GroupMembershipRequests (GroupMembershipRequestsID, GroupID, GroupMemberUserID, IsGroupMemberShipAccepted, DateAccepted) values (32, 13, 17, false, '5/6/2002');
insert into GroupMembershipRequests (GroupMembershipRequestsID, GroupID, GroupMemberUserID, IsGroupMemberShipAccepted, DateAccepted) values (33, 16, 8, true, '4/14/2005');
insert into GroupMembershipRequests (GroupMembershipRequestsID, GroupID, GroupMemberUserID, IsGroupMemberShipAccepted, DateAccepted) values (34, 13, 10, true, '12/10/2000');
insert into GroupMembershipRequests (GroupMembershipRequestsID, GroupID, GroupMemberUserID, IsGroupMemberShipAccepted, DateAccepted) values (35, 2, 18, true, '11/9/2003');
insert into GroupMembershipRequests (GroupMembershipRequestsID, GroupID, GroupMemberUserID, IsGroupMemberShipAccepted, DateAccepted) values (36, 3, 10, true, '10/6/2005');
insert into GroupMembershipRequests (GroupMembershipRequestsID, GroupID, GroupMemberUserID, IsGroupMemberShipAccepted, DateAccepted) values (37, 5, 15, false, '12/15/2001');
insert into GroupMembershipRequests (GroupMembershipRequestsID, GroupID, GroupMemberUserID, IsGroupMemberShipAccepted, DateAccepted) values (38, 20, 12, false, '7/5/2001');
insert into GroupMembershipRequests (GroupMembershipRequestsID, GroupID, GroupMemberUserID, IsGroupMemberShipAccepted, DateAccepted) values (39, 17, 16, true, '7/15/2000');
insert into GroupMembershipRequests (GroupMembershipRequestsID, GroupID, GroupMemberUserID, IsGroupMemberShipAccepted, DateAccepted) values (40, 16, 16, false, '10/3/2005');
insert into GroupMembershipRequests (GroupMembershipRequestsID, GroupID, GroupMemberUserID, IsGroupMemberShipAccepted, DateAccepted) values (41, 5, 18, true, '6/6/2003');
insert into GroupMembershipRequests (GroupMembershipRequestsID, GroupID, GroupMemberUserID, IsGroupMemberShipAccepted, DateAccepted) values (42, 4, 14, false, '9/22/2001');
insert into GroupMembershipRequests (GroupMembershipRequestsID, GroupID, GroupMemberUserID, IsGroupMemberShipAccepted, DateAccepted) values (43, 8, 5, true, '6/8/2000');
insert into GroupMembershipRequests (GroupMembershipRequestsID, GroupID, GroupMemberUserID, IsGroupMemberShipAccepted, DateAccepted) values (44, 15, 17, true, '8/29/2001');
insert into GroupMembershipRequests (GroupMembershipRequestsID, GroupID, GroupMemberUserID, IsGroupMemberShipAccepted, DateAccepted) values (45, 2, 14, false, '9/4/2005');
insert into GroupMembershipRequests (GroupMembershipRequestsID, GroupID, GroupMemberUserID, IsGroupMemberShipAccepted, DateAccepted) values (46, 12, 1, true, '7/21/2001');
insert into GroupMembershipRequests (GroupMembershipRequestsID, GroupID, GroupMemberUserID, IsGroupMemberShipAccepted, DateAccepted) values (47, 8, 17, false, '6/12/2000');
insert into GroupMembershipRequests (GroupMembershipRequestsID, GroupID, GroupMemberUserID, IsGroupMemberShipAccepted, DateAccepted) values (48, 3, 9, true, '8/11/2002');
insert into GroupMembershipRequests (GroupMembershipRequestsID, GroupID, GroupMemberUserID, IsGroupMemberShipAccepted, DateAccepted) values (49, 18, 9, true, '6/26/2001');
insert into GroupMembershipRequests (GroupMembershipRequestsID, GroupID, GroupMemberUserID, IsGroupMemberShipAccepted, DateAccepted) values (50, 4, 8, true, '2/24/2005');
